frame,left_elbow_3D,left_elbow_front,left_elbow_side,left_elbow_top,left_hip_3D,left_hip_front,left_hip_side,left_hip_top,left_knee_3D,left_knee_front,left_knee_side,left_knee_top,left_shoulder_3D,left_shoulder_front,left_shoulder_side,left_shoulder_top,right_elbow_3D,right_elbow_front,right_elbow_side,right_elbow_top,right_hip_3D,right_hip_front,right_hip_side,right_hip_top,right_knee_3D,right_knee_front,right_knee_side,right_knee_top,right_shoulder_3D,right_shoulder_front,right_shoulder_side,right_shoulder_top
1,91.85613734011298,96.4664981372455,3.960375262075053,130.7142060692131,157.50207729000059,157.92343371509392,175.23022373186473,21.641954629801173,166.8327004213092,169.92215724863775,171.39734520653377,56.94028508603844,161.2699606724083,161.12314095574638,140.70181289109235,177.8802049620315,99.60225456926347,106.54239575031808,57.23784197639058,120.44048841447814,141.31595045667765,141.7581929892639,173.135942162739,83.47871753905484,168.96796021620145,169.03332794610185,178.85762177620265,174.85588786288753,59.22752944913688,61.63774429745565,42.73507243115685,28.430122961477473
2,93.63888611991948,100.13357960720731,3.856933070595989,128.36107634812967,158.75667513637288,159.1895366768265,175.28389588854208,49.262554936399475,168.83959188968538,173.09610854633385,171.15196031209692,91.64682057159406,162.84142426274772,162.40185342231274,151.93152436050008,178.92291000906567,63.94723650380245,70.78870595607984,18.17815216123162,89.93088137273799,145.07691064599788,145.23846621119748,175.19484034218107,87.73508201766704,171.34402237266832,171.33497349643324,179.0627022076998,178.61723986699218,64.03328346771124,66.97980529658147,31.25119706015662,47.46574668196192
3,92.75486275278396,100.13609897443105,3.188375572964156,125.8625455835612,158.89037446736617,159.31632882783416,175.3238003513162,63.69537392155282,169.0345751325489,173.49693528639432,171.0966617553144,107.26769596051658,163.12922698113368,162.70762037007174,156.62884310372476,177.20035308169156,64.28956892264144,70.49926162040971,13.949848315323603,89.97223873860743,147.00697343472598,147.06455950694894,176.03742379602684,89.36941406669895,172.36178447108765,172.4319689029869,178.32119279143768,179.8653011356797,64.79292144206168,67.78858132042122,27.717202057492145,51.640294393805675
4,92.52512220107903,100.12608812648554,2.718717448838304,125.26341524987764,160.2525318936758,160.7125231125305,175.3103736994156,165.83843716739392,169.58301482831672,174.5523760401084,171.04356870428305,152.45441158712958,163.69243020198778,163.36120546050293,159.85343046900795,176.4609769505252,57.56809070597448,63.02615175553184,9.434080200574765,85.2347363609323,147.74344124235444,147.71116153058176,176.79260923439833,91.60426204313224,172.81662563337318,173.01113565261906,177.70024593292143,178.55575089693835,65.66328579494481,68.63609949108188,24.88149756820691,55.18974872233092
5,91.69726848756882,99.71564136232716,0.7074933548548854,123.77070229453976,160.64542431282172,161.07431471676472,175.48354335902056,166.85474544682728,169.7592644118054,174.96601783243418,171.00395300914488,150.91427536600398,164.13708444829936,164.01362915497558,163.59965448956325,175.13354862833577,50.09229443048856,54.77045382648848,5.13567728252325,79.46880893765328,148.62636918395597,148.52467236113364,177.4609301284701,93.49063290727047,173.5438745214305,173.91302518484676,177.2221010378548,177.36599674821866,66.69652882434087,69.70835487791604,22.435557094653202,59.04042109620809
6,92.62764262895944,100.27444964211824,0.6428332441259395,125.4826892505825,161.21868987570008,161.6241832840849,175.63646780460135,170.14712716801284,170.09781473458034,175.98789190520029,170.87741926703507,145.60634837574958,165.2690362555044,165.40974959408732,167.86648128727438,174.6069955434861,37.72674318304709,41.61267541443354,6.517721430004367,62.39730287404048,148.88071985655628,148.73601114812863,178.15231107799752,95.37283845074425,173.66309515508038,174.01278062723938,177.29506554602054,177.5395273700735,70.11045781601275,73.05453108296707,19.10513201921469,68.06951983176786
7,92.41018743268356,100.56234091601964,1.3362815272324808,124.33572537749163,160.5223617076426,160.88778236442374,175.75233216275095,162.08330305367818,170.49873184382636,178.0773214330174,170.67317728915745,140.65739869803284,165.1683512147126,165.4338110218489,168.67381026829153,174.00635175858966,49.88012115201216,54.07495013571839,7.423394956611555,76.02693414526638,148.8908198202662,148.7577543537327,178.04455219451978,96.75949076043491,173.62447159774726,173.90748071073406,177.49411859748386,177.9850175734869,69.0830332040601,71.92711514663625,20.661886217024897,64.79796877157273
8,92.97060997257775,101.28295733232937,1.7760113689382602,124.78101495015085,160.17041844662546,160.4943541995187,175.9175299116243,155.81070471182102,170.40871031023923,177.7378461532356,170.6539635151119,147.20606791271408,165.1005229575511,165.4698897519634,169.47091266214747,173.62573462365935,57.9832803076583,63.501716536043176,16.459881827902528,77.63940512375792,148.9975769938456,148.870862225792,178.02907042097524,97.68198628475406,173.7416754603245,173.94131667164353,177.82060116578626,178.63886966435865,68.52736442961486,71.26553096616715,20.75780907955191,63.238486191823824
9,92.78527524534805,100.70660311984886,2.8185585019621713,125.40392049127146,161.91470600882778,162.17025211472202,176.41784151227014,166.19340832257075,171.26460359803434,177.5698214150078,171.55575442894013,147.03594978695043,165.2533150125474,166.18932590849573,174.3248279585432,172.4107835308908,42.23696884163922,46.746627412053925,14.09175016642268,59.0074303022607,149.16021142527038,149.00921879159935,178.70703193177215,98.87448481958535,174.00626315030777,174.17784610791313,177.9889362954905,178.8431846277395,71.52951224094382,74.03304754904299,15.344151723054049,72.48111155090965
10,92.81666179374514,100.4325930101338,2.631883213089302,126.10437258668618,161.67452062278062,161.905434966131,176.52889030822323,163.8853099116887,171.3386036683054,177.32061628156308,171.70706489885944,149.80118732072296,165.278260762629,166.2499145518464,175.02532296630554,172.40322446657723,46.60989740168362,51.57906375055657,15.025198079824706,62.946705797079304,149.0320228381061,148.87776079156765,178.8747225424662,98.91374088392065,174.18048012524858,174.34584201945063,178.04836745794194,178.86530891355707,71.42435815872135,73.77052073917096,14.025761870799387,72.5405492179966
11,92.94694671301927,100.52071426781085,3.0646770022294363,126.21539651140928,162.16697568168897,162.38883190868742,176.62772868086006,166.4646281304172,171.3670870113789,176.99074280790427,171.83535240609447,150.80243240657256,165.38802014108416,166.78436659385665,178.13249635299618,171.66321093559014,40.219345710096675,44.56836016679932,13.505916919291678,54.06753216021457,148.98272119598184,148.81779416078504,179.33506638265052,98.68562425928128,174.09019650344962,174.24110044870974,178.09290166444427,178.99242448547488,73.59889998241229,75.84091473078738,10.727918739890985,78.83963083015172
12,94.4557020087372,102.06316144822871,3.1338601178058316,127.58132426833123,161.8733916363603,162.1571558575652,176.27013361578847,169.71726373164543,170.59495685544115,176.90433195555417,171.04460038851533,145.89898638559382,165.85855155276107,167.2536391064349,178.41079198067118,171.88133377892962,37.825481439983385,41.985175830699795,11.910695431054828,52.3360941324558,149.04720660425974,148.884794955021,179.31262839176657,99.84624942939223,174.6792281091254,174.85306532274035,178.11308085642773,178.75888436786363,73.71828801492356,75.9926102889168,10.07054264232812,79.45676186987153
13,94.69283163760467,102.16173150884397,4.116065477035614,128.03946145746514,161.46668960175418,161.90870147144835,175.48279081292043,179.64768476113517,169.04108915538683,176.6177535450457,169.49115244872917,134.58424181854767,166.12962073378586,167.7180740194952,179.67493914913277,171.68736047007178,37.32385413668506,41.66889005733065,13.89207196265991,47.53193846122584,148.96363858835093,148.8090704664203,179.25762757844976,99.57813117222763,175.00635277498588,175.14883291483892,178.31286837403437,178.98297246877772,75.13659459089197,77.46446067796677,8.631245109542672,83.13876258117924
14,100.0092490023029,107.95089937260887,8.367885726074794,131.26639989457223,160.8406599129742,161.89313883083804,173.24636137292595,152.60681141661925,167.1242786451748,177.65410719325595,167.2728155260389,103.55348778538539,167.81111576948408,170.3879712144273,175.7027737715373,171.20391370464165,134.59686458187093,167.1543625966778,135.97451086123237,12.450459612185387,148.96619223221623,148.84694589729398,178.7253747986428,101.5820724285023,174.94426722422975,174.96004818548369,179.05747614092292,179.60464057902976,77.69254429942792,79.60307928823921,13.826402106168315,89.73622249652979
15,104.77802265351418,110.93523277090368,9.222733336543477,138.8881683793465,157.91386192979917,160.382076547895,169.3363756532695,97.94808767530897,162.93348588418888,176.52450352810712,163.23157581248583,46.78197434972245,170.26362143014484,171.4020212383748,178.65890689105353,174.42173489390007,139.0376031913416,172.0742870117666,139.67753720969873,3.2773622640416686,148.45222561000423,148.65190053656931,175.70728192667374,97.83205938092715,174.53611009074027,174.80078218054524,178.27647015295767,175.01898231539982,78.31191410155023,80.39480480307678,17.19821876877492,90.03344555028657
16,111.1559162702796,118.77595073208245,18.884280260847742,140.42970555437103,152.2105365808333,156.0456034801282,165.06059271409234,49.260172395683846,161.12285497194372,178.61191695193503,161.17092922180328,18.972675591172507,164.03319130454634,176.36055665943715,139.9990402844834,163.64398199832817,91.69535788256903,105.58794239728807,47.164792051689254,105.41576029259713,148.89152002228604,149.66037799446215,172.77254069072725,101.86247673814033,174.93835589955094,179.24717670632594,174.06273389490048,170.77905227542553,98.87126460287794,100.03754528899502,23.09437201746761,132.6531588607087
17,109.68810144946018,117.70661454040004,13.969275150502659,138.35380965601473,147.6163045777562,150.58369317431237,165.57023042969297,13.45707980621176,158.25798416841388,169.98940306331994,160.6013771304097,44.3318089182079,165.87024298003212,175.95574194874482,146.94649903267842,165.67500403324976,69.23386398675541,90.31614381839408,51.849357580209634,67.37249643446418,147.78771299750633,149.27786126331753,169.66571327240666,96.36684963178305,170.45876593114411,179.94724576993863,168.74194629321997,162.27956566655243,94.76282014820963,96.1347922333603,18.658791327560035,125.9902307379299
18,107.83498738474746,117.02907000862118,8.433398637200785,134.30484143942272,147.30354726699557,151.34117514475275,163.41837242511284,26.21254541321528,151.93723312182362,162.5308573945708,157.63649054095148,7.109409930813505,170.61469264430477,174.5496917028986,169.17881808684922,171.65422094729635,138.23370058169974,167.76257090104153,139.3760018925875,40.84260437750987,145.08357806257456,148.08432507486364,164.7548012006083,89.63574160465245,168.65026031641358,178.61532990423927,166.69212474725023,159.1238930850579,88.20821859374368,90.74676437410434,8.013544191425959,117.1600418988292
19,109.71607997432046,118.2377383254885,6.199197584050973,136.7890986137984,145.38577537274813,151.47773441865064,159.40615674773855,33.478665446083255,150.14411393709182,164.80243839241,153.98661166156006,4.451693469112065,171.60278854614828,174.20668764533306,173.28737902264933,173.25766611073772,116.23314093226114,173.18671057909904,114.13943564063617,53.759251206963654,141.68453774553277,147.385448474621,157.84227843561266,80.13828447033947,163.70808832172028,178.42520808512205,160.70279587959308,150.72093677724516,87.77911306438466,90.34060893693551,10.16791598767039,115.9673276488614
20,110.44709547627505,119.19487557218542,3.622232745700949,137.29660145603395,143.67847700356387,149.3087680489094,159.50659266666307,26.46306040091801,148.37863454280867,161.70154337221874,153.75997766400104,9.154205875773735,171.83716280747257,173.14517551770217,179.50445675876264,174.72899411468322,56.45627158090462,34.09545993362337,52.60060808450313,51.14190584939902,140.3795848486112,146.306791408063,156.90295393780363,80.69985150403905,162.9587792771918,177.46226941010744,159.78054588691566,150.12669868503897,88.40327539861714,90.8114491314305,19.61088509053977,123.33015303294893
21,111.88327806149346,123.64553725709294,5.323264773847236,134.14038682477502,136.67927919861424,144.50238240827315,153.497937946553,19.855301581206742,144.6297796692455,169.20708788022534,145.87324798804661,49.48698219691731,167.33027107255054,174.1066813088461,160.50065244101134,167.84640266847154,84.27904108133717,99.22110902820337,47.31682953581279,101.72734843040404,138.4272579796486,145.65518488051197,153.50472954047447,79.60915417549964,159.47074556084505,178.06989513853227,155.05004340750315,145.45745051287525,101.61915253142244,104.3963721977432,0.2702867956011912,138.4967593356184
22,109.50685587071396,120.8307843365658,7.714077188085067,133.4602894973616,135.32330525024176,146.45434299599913,148.6922869845172,27.082723381264127,134.61654076256377,154.12793966704146,141.4223776737073,2.489010715273557,163.45770103237925,174.20086886897755,147.9054406998657,163.28156181216832,87.119191773556,101.09276783271591,23.7327272500482,112.32604733087291,131.98175359604605,143.92119232134806,142.85791260552233,67.31952204555216,147.44765503097918,176.40017773027176,140.39735426339024,128.12963420387513,113.44685741773202,116.45583321026581,18.51806132593298,147.16172971901776
23,106.27630373622891,117.44883243247196,9.102122901715997,131.4588230660631,131.75943673055397,145.38222820823097,144.30203942414747,28.40117483483371,130.00910782908593,155.07242606466087,135.36116826548857,1.9984826093829104,163.43941616689835,174.27959806233926,149.57016754398975,163.11522066165816,82.4539648667252,96.10916471062338,16.211282809588305,109.00865545413102,131.35488873008254,145.37716918987553,140.6163620463512,61.74935505208159,144.77498376089613,175.40326258250892,138.38206119611695,121.75572932694595,112.33977890352052,116.09450926237342,19.302281299277425,144.1398449701538
24,104.74444704674417,117.10235936983557,5.6588074955771095,128.2432654557713,127.31359091194453,144.76089062318846,138.32520748933305,29.155801609606236,124.75704160859057,153.40327830272983,129.92943952525377,0.7592582378212139,168.05255887515526,172.54403375173783,170.45140854384113,169.38556757118826,123.23486826225275,165.70209727160903,123.50784488131092,44.44515787643651,126.54141719825809,149.36849723804158,131.94473482693115,41.98888826193751,135.8692625341381,172.93911282765356,131.52373662196018,97.89711113789689,90.10265845404446,94.41352866833827,5.834124246657444,116.19240190533314
25,103.38154496005046,116.88864333740267,5.687440434529943,126.24862425099552,127.15441505939722,143.77063938668175,138.9286283017247,25.3167143079701,124.33984738868708,150.99822124064002,130.56581540695336,0.05978377135778003,167.25550495964885,172.13357799616819,170.57721445606873,168.35626227767608,25.666743468552703,31.807129963003025,5.026386217476212,37.355484423231225,120.65210763898394,148.58980176774588,124.52106395331488,36.50553571256166,126.54685681399921,173.98345356569877,120.79769146872358,88.10183742515382,92.86191234963064,101.21922310177679,5.642006779015254,112.10479574520994
26,98.30196983432798,112.79851280903841,6.35916355151761,120.60836547925079,126.66628304028602,145.20118357535176,137.09529780096048,26.104503482094863,123.11234047290738,151.3649018042297,128.92261757653984,3.6691663233064444,169.2908219089735,171.0919330663615,178.65001277981932,172.0006373127752,19.95895462876266,2.1946442083039526,20.831533892007972,24.635703691006285,119.1753571963518,159.13297899095235,120.65941981995192,21.626918057841284,120.79055122465472,178.50762218255161,117.98640715620895,63.25820338730248,88.11390244005851,91.69326351179204,31.64992223424803,125.94701836792939
27,108.97150004800928,120.93518420368814,4.3409631322611455,132.08925317692214,124.85414560457129,148.1898037034183,132.59099478299893,38.19730879522573,114.95850538615167,151.38316424211428,119.19627562380506,15.492289764639809,170.63021140804395,172.71211304830572,178.3362493606595,172.89241423275158,123.44170058037328,156.55329843481007,126.51730955951732,37.35319799763971,114.48539517543924,151.09008004761364,116.56623083689071,26.78664396498311,117.88519539162074,175.26724452879682,112.67633855687959,75.10915877021459,83.02265410237457,84.34984691537676,31.372701547359206,129.06487062935113
28,112.3630693528828,122.37598033154194,9.378617118972898,137.55075229494588,120.2673748226442,145.2475903628664,128.42771841466103,35.709752051206685,108.14018730685856,149.26994141022158,112.17353894027708,10.047088719957516,170.55947431648292,171.92182972512694,177.33855055052896,173.77696973931012,86.42323642198592,99.73685127801015,33.864503972224675,111.14882115863418,102.82313057594267,131.81476530320646,104.75220139075483,38.44741382819623,110.66848837698322,158.20949122639317,99.6531940317052,86.40678407411542,105.7905129357373,110.18091466221476,3.907332541927194,141.68000765527765
29,108.11162807061082,119.687206944525,7.948532316890369,132.38363080065884,115.4078004452372,143.56435876668573,123.0773146102399,36.140914500154274,101.2246227378094,148.4121933427435,104.63689057267122,8.542362174390526,167.08208784943974,173.86874804411397,160.31219049929786,167.09073488404607,103.85488136057717,118.06320887345024,33.05513201866884,125.75507989602538,99.4758178589367,124.36499618413387,101.02158583596754,42.58384131658707,108.67986691271358,153.09357104127375,93.9960799480601,90.9077457476964,115.55502434558163,118.56587142469614,12.305133143175075,152.76208004761926
30,106.05016237312333,119.36947187912315,7.670878005083215,128.33217358344095,113.3212748736163,145.339399437166,119.5374459761426,40.425116536258976,98.12622891368774,148.82603078724622,100.95870271045568,14.337078860204267,166.16316309470065,175.28309118021684,156.06799825189486,165.4606808739824,108.88152863482735,126.67570843997262,29.555585013697367,125.7364168594422,100.68650852762228,129.57605623850716,102.08015342823265,37.68820944026561,104.17592094326483,154.81410363148905,92.6496160382008,79.14860948891916,122.57100761255874,126.13949542183876,19.401378743689815,154.78935859404496
31,98.57425321223901,115.03849496774923,9.56265858564036,118.24019209374542,111.63283155705314,144.97334676449626,117.60874777600677,41.308556006317254,94.81092103290341,148.47369819064465,97.41005643561581,13.517439298862115,164.26128636512956,174.53767258232656,154.17775647276028,163.4117018966137,110.43259826901983,128.82024225895123,27.74183141619376,126.3369733261145,95.23371883167304,121.26278966802396,95.84464729151048,38.08540135562191,98.98475065220511,145.60014502998126,85.82542021736701,78.00619943868976,123.63016564243335,127.5986440249398,20.641514063312403,154.2267989536815
32,94.06346559860408,114.23352838248795,10.254454156393367,110.7212242407002,108.17573304308264,145.44578063327063,113.17033802793736,43.67503651507177,91.01357334244204,150.36489457817098,92.96654301998562,14.053623599990427,161.84845458512666,174.1874656181464,151.1305926268743,160.66660845132432,109.4245515578649,126.56857110051867,27.445233842370715,126.81479812475384,90.08759281918064,114.94910214207854,90.21133042488461,33.208978408956774,88.812091976516,133.8988523172579,77.64600632326322,64.49850905704085,122.9463571671108,126.70769715004899,18.631558746050523,154.60151509747797
33,85.6803889833665,101.6322906926692,8.479752537361659,106.59789882305736,104.63788213179875,145.3237386187097,108.9643848047729,43.4018930675474,85.10384111830149,149.4015444338516,86.7581387813198,13.268054861690596,160.89748449268734,170.67731601782768,155.13326002475353,160.36922051070346,101.49220590856908,116.23800704436147,11.32784609695,123.52953365798912,80.29698463368574,98.59817825140108,79.03980755389067,29.797819614817612,76.80832415820392,120.84068725863048,60.74713804474598,61.56571257557127,124.09234481710159,128.58269245993287,21.868417404728362,153.20542183499174
34,85.12172948952005,97.87099431220128,7.478324045102595,109.76010180502067,99.68155448202309,145.43484761719048,103.09764339469496,40.39957430119933,77.8791872937596,145.9251209398097,79.35446277067955,14.02157115291845,162.3281237573053,170.03176732047675,158.6825443613601,162.54918043775766,108.2549517199353,120.92051068372187,2.849710471941282,130.100411977949,77.25958367221395,100.17280798613163,77.704228470248,6.469900663302788,60.14552344643244,121.2311335707166,52.17691403286822,37.13111835046603,132.6810062261663,137.60234345409864,27.85434457321599,156.44525088820848
35,76.65310029435052,82.58160338510996,0.37113912085727635,113.30662236697152,90.90377857303427,133.30955606782783,94.98589116233998,31.889228961999592,69.22735532873043,128.30796972452129,71.85946631498867,13.128872618677645,164.34114939843792,168.98700456398691,164.54914112945485,166.14300110880347,113.20516406306372,121.91714881350323,8.66308220113046,138.44209220642534,67.58284712612081,48.936838923775234,67.97709868632123,8.957623445457687,46.67784401142289,63.530646830393685,44.4037872895732,18.765359394186113,137.3255573038173,141.04380139945908,27.261589104596204,161.01456708743098
36,81.30095316772564,84.89039470473914,1.7980677361960047,129.1556850281591,86.66163050889939,124.8712698792933,90.95658012591821,24.447409101551145,64.95522076333961,117.53887664291231,68.23145781724008,10.143114852896938,167.67738375740566,169.8727994943724,171.27260800088158,171.0028819918114,118.7656309226747,123.4527108104087,10.471328787494123,149.33398513087437,65.8172837403824,19.97502933977574,66.05325317379355,18.236867699830906,40.82242333739757,31.773585433678736,40.2060479485996,8.95442216947084,141.84395850933186,144.3830152343665,19.748815001658507,165.38288459909435
37,80.02284539665317,82.28128608598362,2.82925230341715,135.38339157114675,78.25093563421568,101.15613366125258,83.96906459638214,11.99858442807319,59.56090707200696,99.5075409647705,62.39678502170044,6.399599620321041,169.4322302076814,170.46783138645378,175.32572706315995,173.8973872303529,119.73707059344787,125.35685753501139,12.641802174030914,147.18683949963363,60.7966353910129,32.61801778417576,59.22445561531052,33.2367591734941,34.45766605140413,26.232712855985067,33.60286102797531,8.798502259629355,142.64942845681205,145.54185770636875,23.614493645544453,164.66853965585253
38,69.02754828381774,70.10627230611657,0.7318041571502054,129.78649282181868,75.62638358981884,96.13563396414109,81.36491804553712,11.730081021772547,56.182588906208636,92.32163454596868,59.44819419873781,4.623465438281046,166.7480891190649,166.7840662467959,178.00260501269008,176.994298891119,114.73922416597615,119.85528633783655,4.726088761148974,146.00655052237246,56.27991134280226,14.577152839223942,55.547971482981524,28.820637327833207,30.034918315136572,5.188615043550008,30.02269763513404,0.8344968131331825,139.5245537296139,142.12360018703708,15.211790778377143,164.62740702358343
39,77.42889527601032,79.2576221894819,0.24532793572046102,134.9940251396433,71.761635492307,88.11559152694417,77.49070630266723,8.919593676485773,55.28843977870385,88.28096496029478,57.07890063953275,10.554859976426284,167.78384494167395,167.9883825993427,179.4271389467458,175.98286752745736,111.7463643225679,118.39593834798974,6.733515037549917,141.46192869738135,55.075574783432856,20.096423473380874,53.82378140880632,32.24481365566546,28.12865019633879,15.943905196283383,27.179057631202063,9.16280830190992,136.89289435726303,140.56194817453496,17.632599990557072,161.09062167639323
40,79.61487242827401,81.9298368690933,0.38409964832795596,134.0287055298103,73.14025030488116,90.74547108583221,79.37903256954662,8.442173246260335,56.54748971209534,91.08652682650333,58.48107392829896,11.57709539210391,168.13575272628168,168.42073428615728,179.6233324769661,175.55673211437596,109.88207503870674,117.1416767307226,11.026787120383338,139.45181955226,56.31961642771917,15.526102565778142,55.50427818115063,29.63949689746782,28.232099601631393,7.4278667381745205,28.120617783061217,2.8763459809301026,135.56970424873484,140.28789532504038,19.40290754120156,158.30516858388359
41,79.22233805621062,81.83391304965457,0.307235379270474,132.45790433916557,76.73179165053793,98.71953557005477,83.51654428917331,10.67436437793525,59.41441236907583,99.60443125235182,61.8659284332226,10.448031218476677,167.77357134239853,168.36405845183043,178.15900671753863,174.26091751192146,109.06189508985898,115.99583024904243,10.67139840604525,140.18656596523977,56.35775856882102,11.629636028590628,55.78531260875652,28.19391618172951,29.20205762639027,4.634658387300253,29.1252350552083,2.7659252110815116,133.45597398983585,137.92247430432107,19.403284074755135,158.05935435344003
42,79.40247083817721,82.65969461306133,1.9175870959645467,129.42606288539042,78.5208006482372,103.01372739170029,85.2844591669949,11.375086212750219,60.55398313600092,103.0770607497465,63.41764483163156,8.793525599679793,167.65727970768702,169.03953417226148,174.61958622252973,172.19633479015255,118.12543648066263,127.35616235140496,13.933352863263329,141.5208391166106,58.15681472237509,8.940711441344437,57.77522797871623,26.44479547698624,32.610414526287165,4.919891930198698,32.44746995935653,5.049891884390052,135.79729480798315,140.99981131868776,27.554654602178633,157.41554080722582
43,74.01891182125372,76.90165867442826,3.8320912041072814,123.49804743371979,79.05833496600363,105.31567458994928,85.73456981122523,11.483844015040452,61.3830919690403,105.05342506828184,64.48357920172816,7.582994370851096,167.6219902396966,169.37272074293531,173.08746507714625,171.53750917195512,116.26802604188832,126.74467652608112,12.027754240149493,138.17977851281492,59.20218742226627,7.783403537127639,58.89209995418203,25.284008549259454,34.57885469876622,1.6319582216447786,34.55225182859807,2.292801913577434,135.94746535692133,141.08469336016222,29.573966728223844,157.57727040265178
44,72.17778043506976,74.19032824683897,7.1004975133589365,127.27799973335713,78.79865545103993,109.27820675276088,84.61361481770838,14.387855063885501,62.33907600499866,111.78523566260453,64.74429327584996,6.186467894288529,168.48429285113232,170.8066110977625,170.50636427873582,171.22385138647627,113.93444568893241,123.6064924115794,3.407790505982187,137.7632726990069,59.7743244717629,5.479280943764001,59.55714750961291,24.116674941552052,35.990531059078435,2.70940125949535,35.9857672361328,0.6503270487726108,134.5554047366279,138.05815565431172,26.11705496841418,160.64024149402056
45,66.04290390626333,68.78879251456071,8.39581927409249,108.9586991973092,85.5759811302721,137.38231181408176,88.32484835324904,29.346113587356577,65.43005893253907,138.98463849523293,66.71917658513792,8.236754997427902,164.55131449864763,169.65549792790736,162.15964226501552,165.94075531535628,110.05417588944918,119.08692195889033,2.925046949422743,136.92818806360629,59.49500665217031,34.21631437385128,60.14160057487824,10.692915411367391,40.74518611259391,41.42696124761992,39.63217578754463,10.58369399852759,131.50497648441268,133.97558493433485,24.61300239916655,162.27414805013674
46,78.56476898279367,82.43445935027354,7.819227190569639,125.4698511633251,91.71136017737159,149.38676554194288,93.42484862723344,34.661519623314476,69.9178778619419,147.55658170731547,70.43817307691164,15.658128712392779,164.68920509238947,171.96224060457214,157.79678303945408,164.55701268048375,109.52549889912396,119.1451999237634,8.14629214018344,136.52060380423254,67.23759144545656,73.0991433176356,67.80424211185144,1.9060059647599532,53.5786551098232,82.49636067734173,49.76830175645411,23.854064692523362,126.58200084156996,128.66153272414763,25.046865647670668,161.5815827121061
47,88.00162795500972,92.24405980398721,7.73217204659228,134.76012064279254,93.46093991940897,147.19470343346268,95.69102188133911,36.5814901144923,70.45946120638963,143.58550889268292,71.13867064008778,17.164797474586592,165.11030243200332,172.87566617277298,156.72698834443946,164.7470487190818,107.49225987929294,119.32522344714953,12.309928716793374,132.1577506926539,72.13772840639393,88.5284770783478,72.38236465225242,7.356842621608423,58.54532300265806,99.7168362550682,53.86921708793808,28.577913252131065,122.56754116346451,124.91570854049488,27.13922864667039,158.24657559523033
48,93.65845113851955,98.99608084249527,3.8585269002856664,134.3799201191834,99.9621016708703,147.44685999174243,103.01668878325887,37.920182714638614,80.04524116513574,148.5028480327579,81.22082371647018,15.134133322119473,165.51888728824127,174.53154590613042,153.81775881995583,164.78369432019238,100.03642789269979,115.28457794401378,17.91967981258471,122.18018947158215,80.64293058804503,108.94272602363932,81.138630988641,12.32496057778783,70.37464521415627,125.2982908595238,63.661752039107306,40.020026557235084,117.68306424653613,120.04832545644324,30.96233425966568,153.93725232369084
49,111.01499708347714,113.2596160954677,7.147046038914324,156.51075192532176,103.82224815567578,147.5654246341113,107.35842109008095,39.163373268211934,85.84821415524692,150.654431077636,87.1689514132041,15.170134050408416,169.9275793135408,178.7139486245889,153.68543212696048,169.27015065742927,99.41801066395135,113.78623330423684,7.9300321448570354,122.9641557020863,91.51583760008376,133.53794359951584,92.46918209129325,9.129718076750349,77.87918599821863,151.37767071275687,72.95314356875348,38.397942928190304,118.60930050954555,120.5892437167046,40.687953881155096,153.38103495132876
50,114.45669167525396,117.2515957471977,11.528752859978688,155.19991586681974,109.93872033974156,148.0980660921221,114.17558692614979,41.9390761277239,95.00835484536893,148.0364545767263,97.05762631227357,23.122699221553304,168.57135736258817,175.95765675748282,148.38491756875214,168.7140268338908,91.63565423276687,105.69927269616883,11.853184737227268,116.9236104131079,100.98409135577886,145.20464603571386,102.06384456645985,13.546769996274628,89.20872347895491,170.24971323488916,82.88279824212658,50.34951821598595,113.29872965464223,114.86035411138941,37.959441029866014,150.217918956025
51,116.8856295375546,122.77804790065126,13.147566929107796,146.96240246674103,116.15279301145029,146.37450236701883,122.42773131794846,43.14966005544718,106.97765205940874,153.82884054450363,109.57301526167872,17.384392461650226,168.77482488805316,175.6440401340028,148.1587099374662,169.24527944307377,86.63269320225238,101.47840813371891,13.277178125926733,111.33738349298473,108.23976246184479,153.9945366406295,109.02439319796,17.972585528612463,96.53585241470768,172.65997957004612,92.55937186602785,46.300196583317586,110.24706067278254,113.41263767780796,28.663405905942046,144.14843035971103
52,113.43002010721797,119.67025001355383,9.259930243067512,143.9389611527441,115.46691147141965,140.48603741665877,124.91971710430948,33.396301883369134,109.44989941316732,148.5326095445591,114.02886108920029,7.75270318543789,173.5604391116277,178.37061875393292,162.1420813985833,173.52248719520904,85.18185552269317,95.83521521646313,12.236617231597254,117.06821090107988,114.33774050995973,173.37710576852322,114.44055028260257,3.544237723036199,102.15425066435249,169.08837410766478,101.5226558460928,33.79869256767211,111.65329302841316,115.74491376472851,11.355093807282266,145.94963498657916
53,118.76649477501203,125.78766533088167,10.82930166832853,145.96376868016154,119.13322295943868,141.96620772882372,128.9760862158114,32.177114226844786,115.71707833387079,149.67565591267314,120.89177945588801,9.424500930834627,172.87238130864637,178.50956704850844,160.6895443492305,172.75453797987012,87.01931870381887,99.22360693130905,12.648650311877848,115.87805383900249,124.83472245338768,173.26418601360183,125.03944457565989,5.153322977320578,120.85572155744123,170.68983701704568,120.67248588624818,43.80814626789955,113.43531434671205,118.16665477337374,12.036670036567886,145.41179724355143
54,115.48310090039583,122.02087115172081,17.328380758165807,144.90739868645196,126.48716139222833,147.42246425576386,135.11571673387755,36.45908431078714,128.3421269841409,159.23692231924684,131.72307212064464,11.478909619584998,167.66954471820665,176.78966632457454,144.8756191573216,167.62594148344652,94.26179277266004,108.33158853215735,4.462712911980922,118.8496227310726,129.36887205864693,161.6399501647537,131.22707871827313,21.375312531181322,132.55671414767363,176.8844715812621,130.46440992899727,79.43341716712021,114.15554169413265,118.36768690873292,31.67700613451725,143.90077873334357
55,115.14446452673124,120.54324392973355,21.36487041702113,147.68839602390406,129.4432567838992,143.45244394827256,142.5714662186421,22.58599386013588,142.59808530346587,168.81618270840607,143.79158066966528,37.21254911325683,166.9513470562879,176.40311446921478,143.18411656772778,166.94425961626587,92.33755638712621,107.94493419981457,9.974876651019656,115.24876715292962,135.5745695057535,154.71363453847098,140.711382098665,50.01205408321692,148.84617529860296,176.25341053159403,145.5368012185867,120.98324984476301,113.23061503997152,116.91319576718003,32.60827429396039,144.3356879798497
56,115.38878939605124,124.31829032155424,29.714442174255584,140.0149878228942,132.19857583000677,143.5888666458169,146.79912301286683,18.68678806940896,148.42520858356562,171.64679626596345,149.0644909214225,55.48990177705517,162.4243843589056,173.57500766727975,129.69576799491992,163.20816506879473,92.81429761337512,114.4037102394892,14.992848522178193,108.97685511516768,136.8229370904443,148.84821279566512,146.72496251337304,65.303841615027,157.71089097431988,178.2207347794109,153.80673995501766,141.17354411891012,113.75887634452415,118.48019837795265,37.60843769730864,141.0909941534493
57,110.72100025901504,120.72410352009683,32.204863620872395,135.50379922372582,137.42649069250876,143.81959394657386,155.84950118260346,10.450257485595149,158.98445534101168,174.30497845979718,159.41650525023883,86.88612291215355,163.3316600035183,175.13855405480462,137.9436689076442,163.65320543690223,87.26307298299318,113.92339993557768,13.035946911337954,98.94552181214439,141.0102850899382,149.20727849990487,153.5857274588964,79.95263043880921,163.5933434000257,176.29997570004406,160.74265459093132,152.15338152994056,106.50594712945745,114.99454195171782,33.45646796918725,127.54583418199798
58,98.34198396091276,109.34143589934837,22.192179100311584,123.97067281267194,143.5326023924369,147.26927929067477,162.79185728893387,3.23681467990214,162.03182348980283,171.59304574366962,163.97228392812823,76.76838680440044,166.98130409004898,179.51852367098735,154.9660029517003,166.30012067840968,44.38977127529753,60.1020426365506,2.8498716421466406,59.55967215883022,146.21638701620822,150.93253662326052,161.66500343870433,88.94563413346779,170.68321095558264,178.89319423073425,169.27798480775496,161.84540166414178,94.7551355776817,103.36714515069016,19.039117142638947,114.17508142266709
59,101.46768446960239,111.32630410486293,22.795650398411627,128.89014506612756,141.1383833385881,145.4469768018784,160.89318874938922,2.6002427388899885,163.00937775210076,178.67601189686812,162.59418913723883,114.53058699112972,164.27719299906354,179.42867786214694,145.2329584590072,163.48535302811894,51.0844327608214,74.86824736377172,12.474855316384375,60.992072788347215,147.5122741848211,151.10310499078477,164.2303041699883,93.58391150787428,172.75426041173446,176.21887930351002,172.65760696452665,168.5243962637076,102.84965838651455,110.74790419951637,32.85717365123912,123.75954282860346
60,98.80696054835065,108.65319893316308,21.560362767600456,126.8135383138854,153.09195239838533,156.10677780033996,166.68727979225721,22.026765543186027,170.8910947230195,178.60833836670636,170.99487548096135,50.13414697162631,164.23348069944672,178.45278777901683,148.08594152746866,163.33290653201234,46.70535289909602,60.626946083475524,8.855482449547798,63.62682872730292,151.11611681894925,151.96004855692146,172.6087784596283,101.3523320965681,177.9365369336495,179.31318322709268,177.78565706463831,175.95218959669384,97.91809640628793,103.33113474916293,23.519637538219683,122.18317999196059
61,93.82950287586524,103.20101316977536,13.924342251501526,122.91061669993401,153.558189304525,155.04268164421404,170.44846203797974,12.313613558688381,171.41331626425958,175.20971429143376,172.86516345236956,72.43531446985189,167.33979230368058,174.02603024292287,163.90861685337015,167.59257260948223,28.889463542022817,34.813200436541784,5.1356359545718675,37.905238143248056,148.41290867115868,149.1284000701645,172.65613059073823,94.89956482462432,176.32358246583806,177.78514099392538,176.58237149165794,174.30741642067096,75.4578643070213,77.84197627666113,8.733114894646151,88.40169953947608
62,94.34045476584866,102.78088303873488,10.936642112672232,125.53341775805968,155.32710287251055,156.20930499621858,172.6285215838791,38.93503340494928,173.21315317959963,176.0871778169651,174.4488442693409,102.25313261957176,166.37829232832743,171.73265522032145,165.6297679232145,167.72771796237734,15.647966309776104,17.90513178584484,6.595148988587953,20.529390895055197,148.60765185120806,149.0539512517286,173.91645161835828,87.56643662359467,176.62609036361908,177.79188251122287,177.05298108563926,174.96729555365937,77.49865930683276,79.51866365160274,6.631140056515016,91.44306095938099
63,92.81496183208424,100.86293955315438,6.399957883803156,124.9908274949243,158.33758066917878,158.96913886620007,174.03689495132716,96.68954684876721,172.78119579722414,174.00687082609167,175.9278312728256,122.91952281206373,166.06661892449068,169.1451279250151,173.2229523616323,169.51389043245422,49.425326403415475,56.99494325991091,18.29805942308187,57.54021333649423,148.84029146952116,149.25409224092354,174.08247732571238,86.24238761880659,176.92478560376318,178.06485955513932,177.24902526410366,175.24520825688867,72.15313465378942,73.85571619197282,0.6473857792262732,79.13496976822705
64,90.06612351991102,95.87362795987558,3.6968081408086713,127.64126434273155,158.62545373461913,158.92380518545812,175.87233098734174,71.92256907686684,171.79997355349346,173.7880323010877,174.59735147554161,109.49144992749103,166.44430474106284,166.5739841117318,170.0111115849502,175.21377431052238,66.63074366537923,71.91342127291139,7.0066000610723815,88.05588052197083,148.66442111899843,149.22301593514095,173.40389111567214,80.41555898781324,178.4479902013802,178.50221887131443,179.49179525170254,179.42503951111374,65.43987043463258,67.75633182204687,12.159696391473474,62.038202991439185
65,90.41535218130305,95.92149223581234,7.643998194708791,129.56217251106102,159.5094646962627,159.93849651267973,175.31362121141407,113.34331240189127,171.76012038380662,174.95356115402217,173.4427671013222,153.79847265686618,166.82267875958854,167.46116837040546,174.54067413637438,173.78747640385072,77.45884073552963,89.99026874250706,55.663545831168946,69.59867851180009,148.72899185282543,149.10902053587017,174.37718978712294,81.1726632429148,177.71585942479967,177.85183801079847,179.19564920475722,177.69284591477359,69.28732805176108,71.6951459349566,9.803726069431852,70.81874135555586
66,93.42148286288331,98.4716470970341,8.710204423594465,134.06292798371544,159.52057367809937,160.0627004668673,174.8460851585796,124.36088258232597,171.0748447889728,175.6899286441479,172.1506399175362,171.13840797847107,167.62576225668553,168.4592753449286,176.83186583735298,173.76444725139635,110.02697710542351,129.24538573195647,117.21810236327745,63.678708655167014,149.54474660193347,149.63966814259507,176.24316437363555,83.0188602788784,174.8963524612262,174.88191390084427,179.91966115676058,177.77206968122093,71.57876072747237,73.8071217632262,9.258542376835196,75.83458773246132
67,99.66004563665709,104.60438131009543,5.421002076466096,138.531384450365,158.89459845878844,159.60856981888602,174.2035469018262,36.56269246532548,168.42746462579092,174.33045917565744,169.86540641445674,12.055396288789881,169.2949550758577,169.18575784371814,167.77565453126363,177.7122208436115,143.13003619674097,162.77552893935226,146.39765971939318,60.703147816016774,148.71329551913195,148.78029322174123,176.3075545049451,82.71583628984567,174.5607374946168,174.59415545519929,179.40235518299605,176.08670212821548,72.3367462815566,74.76236090138171,22.046830089592504,71.49556181882276
68,99.12053220730664,104.01832985736445,10.043762563453665,139.06431072737644,159.6680715966548,160.12451954564634,175.29392130457563,87.6747312925656,170.14973706226186,174.99734142476873,171.47014046698555,135.22543790039614,169.11663509452075,169.82889906156532,176.23639063272617,174.7230426791955,142.19265723564274,162.9793545732605,145.41171033158386,59.6663226207234,148.6684339060506,148.68429591634487,176.9839011812704,81.40803081112954,175.91352209276124,176.01048544867396,179.1301630906231,176.48478585613591,72.81236820692322,75.00255649263934,13.131895732306717,76.51264803901056
69,96.50119393919475,101.70170969435188,11.789871831625195,136.33600517365394,160.10816982094838,160.33093217724993,176.4580924058594,96.24926255989914,171.12694486070674,176.10746747751048,171.9955054042871,151.32282560055256,167.1059084147679,169.72836879889192,173.22567960738235,170.82312428406792,19.176395586061226,21.544277044916278,0.05064519809161977,40.133478387341256,148.90280464516186,148.7728492764039,179.047590118298,80.48974480294376,177.77409977616782,177.78835675211988,179.75492971406723,178.50813407434305,82.2498267827152,84.66694079387639,1.671340964412401,99.36860075834932
70,98.24451089903576,103.52189631601607,13.795067403109117,137.69059244287885,160.1310613072519,160.30222150910717,176.7425757773709,98.72650746662508,171.83399903378614,176.58198495048026,172.55940625649276,155.55142766329095,165.96918962611923,171.50920372625336,160.41627002072357,167.56359666748722,66.9217421600722,74.79975819151008,8.520324276146408,101.6944417705835,149.43065941860962,149.34970661119303,179.21201712115968,79.85044967572586,178.58636097585412,179.4797265601696,178.53291430532215,177.14712573353526,101.48489151209905,105.99537550978422,21.338786202290088,126.01082037019184
71,99.5288130820479,104.86818915693485,14.635450186861386,138.50702668243784,160.88269494943754,161.00983144292107,177.073400113189,115.33931331424058,172.8112102521572,177.80657765106002,173.13931499845646,174.2171382237336,165.50538173682924,172.411235352041,155.61259332523966,166.431232549921,73.20925375132802,83.21219595471149,2.174329050233914,105.79171386733526,149.94466625087534,149.86775700344432,179.46112814417677,80.24954974510632,178.4214942636681,179.5587456945552,178.30437351082108,176.73292250977016,106.23849978082737,110.3823233739378,24.42012514379725,133.3898519255199
72,101.00548770845354,107.06084930949652,16.252477536065314,137.38815234202903,162.9603753219997,163.14901347470348,176.79075573109154,149.87951651474944,173.39536993585142,179.1466281160791,173.43462210699943,157.75068640009786,163.78697915045447,174.00762360731818,145.9498741434617,163.7442263118431,83.59262974471183,94.00382787475345,3.543000832585879,115.51226268565648,150.78109959227072,150.72153446972405,179.4939009167944,79.99022931977125,178.12612378527538,179.4522020314113,177.94571025476068,176.44018602380143,111.09590612248981,114.0361810009003,28.879362855745807,142.26461015814843
73,101.91198767174072,108.45403928520888,17.952332082403778,136.64367766632748,162.87681130639297,163.14397956307155,176.31042967018513,153.47988728243703,173.27651575216584,179.83893935079237,173.2682989043116,152.06622496675465,162.62293913650754,175.30917135980442,140.02133243156186,162.11209640924804,84.26141070446013,95.7942173818514,8.00053694392719,113.96880693231424,151.46850671163662,151.42324617083838,179.26853642458033,80.4770559061138,177.70784696811324,178.69712740509507,177.80901859974875,176.42219164986415,111.30225728046862,113.65210569688699,32.2167510271303,143.76976618401997
74,102.6895882191573,109.46144946689587,19.350622341732148,136.56388380920694,163.30280311267623,163.60617000226446,176.15522762970082,159.4622752541203,173.31081090405632,179.99735338900308,173.2975914646805,149.14059177401057,162.27124211176573,176.16974134964346,137.73739273141152,161.58497003455616,80.89035521977952,92.5434139263678,7.097528959902288,110.899754144127,151.82252258675635,151.76415724951045,179.4925594957947,83.31319555733128,177.96604167545257,178.47018274722737,178.41314661386053,177.62750611302496,110.87996970402347,113.14883388129063,33.47353157988231,143.25521381186815
75,103.9400796584804,110.75745897874074,21.444989073128745,137.27004417726863,163.67663730452986,163.97824758516435,176.18566860269328,163.12844198184567,173.31208390712885,179.88658304972049,173.29295495783006,149.1608168492912,161.7970236279853,177.3100746547794,134.43959232851037,160.96660249520113,81.35392678263094,93.1266062522381,5.083820222802937,111.36004022642715,152.08581164082815,152.0215257971412,179.7797121329318,86.25640578326707,178.07765978135214,178.58297663744668,178.46500025655385,177.68957372085598,112.17814647978783,114.43381895531921,36.16166159974479,144.14829140515877
76,104.39782427150396,111.22500556946154,23.012679591047437,137.44639144314348,164.36923257565323,164.67453359333464,176.23428101301488,167.5486505101342,173.2796850364917,179.26519645537638,173.2786465683099,151.76030735442797,161.2027561715122,178.10478389120908,131.3320227066715,160.30926444978468,83.26209962667701,94.90597706292593,4.614208335975288,113.54840233538754,152.17196319140783,152.10220087077153,179.76912855341118,86.8325066970712,178.21849062838382,178.63079161792683,178.64555196046675,178.01873486410207,113.9305248471907,115.98933000200915,38.031910043687944,146.36458569875046
77,106.52578028692358,113.25043999733646,23.546232496189813,139.31115479454564,164.2270748243823,164.53073809554735,176.21358916865358,168.60588237390874,173.21621338493122,179.71122442539345,173.18579081216606,149.34096031492996,161.3625790403459,178.5940292504615,130.89239652465295,160.46887001974264,79.03596081946692,92.23276643742271,7.538422752740097,106.81895231151559,152.36227675071234,152.29704849298315,179.89798682642592,90.21868891978367,177.46792230506705,177.96499766972704,178.18709760398275,177.47494008126972,112.71804129490154,114.77972848915122,39.02230017673961,144.66048185820713
78,107.73489518492066,114.47450156848973,23.81056377302897,140.16891480527016,163.71005345066095,164.00993994054656,176.14741208385593,167.17294909104433,173.21583713438213,179.95988199074262,173.18702994683,148.3364450270555,161.1733672489354,179.04858632900388,129.96680795776223,160.25454729731243,78.4954187339692,91.91440827491161,8.310474670275024,105.88478248832634,152.56778751873242,152.5145372608585,179.7504593964728,93.24805987784033,176.74151085283123,177.41091957775697,177.6174232822502,176.66389964815514,112.36752500377915,114.25692528897721,39.687482184659814,144.75369760923482
